web-scraper-order,web-scraper-start-url,photo-src
"1676374742-1","https://www.avito.ru/user/5b326dfd4bf0d9606d4931a107859f56/profile?id=2840424375&src=item&page_from=from_item_card&iid=2840424375","https://12.img.avito.st/image/1/1.2WSxEra2dY3HtceMj0nFIHixdYcPcXM_BLF3.WsIUCTQGotiOHRb7r9b2wZMpJ-rywpgX4gPm4_DXyzU"
"1676374742-2","https://www.avito.ru/user/5b326dfd4bf0d9606d4931a107859f56/profile?id=2840424375&src=item&page_from=from_item_card&iid=2840424375","https://67.img.avito.st/image/1/1.dvWuX7a22hzY-GgdznpWsGf82hYQPNyuG_zY.hl7oW0snJ1jZyMtLKkTwhYrQ68RHWToDTN_8r59njtI"
"1676374742-3","https://www.avito.ru/user/5b326dfd4bf0d9606d4931a107859f56/profile?id=2840424375&src=item&page_from=from_item_card&iid=2840424375","https://43.img.avito.st/image/1/1.HsWfvba2sizpGgAtr80Ig1YesiYh3rSeKh6w.ZsuUYeDBScwpEYfkzFLBobJJ6EcI0QsvnXSj45dDxGs"
"1676374742-4","https://www.avito.ru/user/5b326dfd4bf0d9606d4931a107859f56/profile?id=2840424375&src=item&page_from=from_item_card&iid=2840424375","https://27.img.avito.st/image/1/1.ygg2Ira2ZuFAhdTgLlXtT_-BZuuIQWBTg4Fk.15jkcCpJnb1Tu5Zp8ISLAKpi1OJQBJkp1DY8Ndxplu4"
"1676374742-5","https://www.avito.ru/user/5b326dfd4bf0d9606d4931a107859f56/profile?id=2840424375&src=item&page_from=from_item_card&iid=2840424375","https://83.img.avito.st/image/1/1.5vXwvba2ShyGGvgdsJKxtTkeShZO3kyuRR5I.vXHz4n9sp30CbecuA_u5VkQHi6RSW2Qi1l1X2MnzMF0"
"1676374742-6","https://www.avito.ru/user/5b326dfd4bf0d9606d4931a107859f56/profile?id=2840424375&src=item&page_from=from_item_card&iid=2840424375","https://85.img.avito.st/image/1/1.VCy2XLa2-MXA-0rEkgk9d3v_-M8IP_53A__6.tAk9Hazkrcyn-43_rXk9AEv4FO0dh6RXugWcW28NMbI"
"1676374742-7","https://www.avito.ru/user/5b326dfd4bf0d9606d4931a107859f56/profile?id=2840424375&src=item&page_from=from_item_card&iid=2840424375","https://06.img.avito.st/image/1/1.B9JK5ba2qzs8Qhk6SL0RuYNGqzH0hq2J_0ap.Fia-7N-nUnoSaVzTjp98Byyv6y9nxONAbdBeCCHsRj0"
"1676374742-8","https://www.avito.ru/user/5b326dfd4bf0d9606d4931a107859f56/profile?id=2840424375&src=item&page_from=from_item_card&iid=2840424375","https://48.img.avito.st/image/1/1.sRu4JLa2HfLOg6_z1gbWQXOHHfgGRxtADYcf.6Zugztc7FKp9VV3oe5Rh0P4v1zxgJCUA8rMq0acfKpQ"
"1676374742-9","https://www.avito.ru/user/5b326dfd4bf0d9606d4931a107859f56/profile?id=2840424375&src=item&page_from=from_item_card&iid=2840424375","https://59.img.avito.st/image/1/1.Qpt9ILa27nILh1xzdSlk9LaD7njDQ-jAyIPs.XUmVNdJGqqoN-03qdNVf2FJ24Lm6LS0C50cbk875kBE"
"1676374742-10","https://www.avito.ru/user/5b326dfd4bf0d9606d4931a107859f56/profile?id=2840424375&src=item&page_from=from_item_card&iid=2840424375","https://00.img.avito.st/image/1/1.SQaw3La25e_Ge1furuFQbXt_5eUOv-NdBX_n.K3YHo6siU0LByBrztMHwi9Lk1VkfhAvpcThewggmvkQ"
"1676374742-11","https://www.avito.ru/user/5b326dfd4bf0d9606d4931a107859f56/profile?id=2840424375&src=item&page_from=from_item_card&iid=2840424375","https://66.img.avito.st/image/1/1.pxNwura2C_oGHbn7MuCjeLsZC_DO2Q1IxRkJ.dyir3bUQ2cFrf2pW8iwfBSdb8ElizbxGrurB0pbo0dg"
"1676374742-12","https://www.avito.ru/user/5b326dfd4bf0d9606d4931a107859f56/profile?id=2840424375&src=item&page_from=from_item_card&iid=2840424375","https://64.img.avito.st/image/1/1.yVufoLa2ZbLpB9ezgb-sCVUDZbghw2MAKgNn.kt-qtNh-zdY5uGT_Fm5TKgB38ES2RuyW0rl6CzO2w0M"
"1676374742-13","https://www.avito.ru/user/5b326dfd4bf0d9606d4931a107859f56/profile?id=2840424375&src=item&page_from=from_item_card&iid=2840424375","https://10.img.avito.st/image/1/1.2ytY97a2d8IuUMXDYripeJJUd8jmlHFw7VR1.e3gUMjwaMZnOtEZ94kjsHGyUa_xGj31FDiMUPMOzDhs"
"1676374742-14","https://www.avito.ru/user/5b326dfd4bf0d9606d4931a107859f56/profile?id=2840424375&src=item&page_from=from_item_card&iid=2840424375","https://44.img.avito.st/image/1/1.XdAgC7a28TlWrEM4Fgosg-qo8TOeaPeLlajz.rgCx_zw1x4WdN-How7WIM8DDhxaUL330DR-wGjkjaxI"
"1676374742-15","https://www.avito.ru/user/5b326dfd4bf0d9606d4931a107859f56/profile?id=2840424375&src=item&page_from=from_item_card&iid=2840424375","https://87.img.avito.st/image/1/1.XuzFY7a28gWzxEAE9TYnvw_A8g97APS3cMDw.m_cBSya8YCeYQzmbYOaQcw7XnanjV2wVkqO0WlT5QE0"
"1676374742-16","https://www.avito.ru/user/5b326dfd4bf0d9606d4931a107859f56/profile?id=2840424375&src=item&page_from=from_item_card&iid=2840424375","https://25.img.avito.st/image/1/1.QCUZ67a27MxvTF7NFbJOKtRI7ManiOp-rEju.R3hMMio8jLWok2-D_oA3VQt4RjyoUz7mzHXESUVmaN0"
